{
  "id": "4263006",
  "name": "login",
  "font_family": "iconfont",
  "css_prefix_text": "icon-",
  "description": "",
  "glyphs": [
    {
      "icon_id": "15838432",
      "name": "browse",
      "font_class": "browse",
      "unicode": "e666",
      "unicode_decimal": 58982
    },
    {
      "icon_id": "15838438",
      "name": "arrow-double-right",
      "font_class": "arrow-double-right",
      "unicode": "e665",
      "unicode_decimal": 58981
    },
    {
      "icon_id": "15838501",
      "name": "menu",
      "font_class": "menu",
      "unicode": "e677",
      "unicode_decimal": 58999
    },
    {
      "icon_id": "15838618",
      "name": "top-filling",
      "font_class": "top-filling",
      "unicode": "e68b",
      "unicode_decimal": 59019
    }
  ]
}
